{"cameraMode":{"drawMode":0,"name":"Shaded","section":"Shading Mode"},"sceneLighting":true,"audioPlay":false,"sceneViewState":{"m_AlwaysRefresh":false,"showFog":true,"showSkybox":true,"showFlares":true,"showImageEffects":true,"showParticleSystems":true,"showVisualEffectGraphs":true,"m_FxEnabled":true},"in2DMode":false,"pivot":{"x":0.6638331413269043,"y":1.3789063692092896,"z":-0.7767415046691895},"rotation":{"x":-0.34326112270355227,"y":0.22830355167388917,"z":-0.08640648424625397,"w":-0.9069697260856628},"size":3.185889482498169,"orthographic":false}